{"cameraMode":{"drawMode":0,"name":"Shaded","section":"Shading Mode"},"sceneLighting":true,"audioPlay":false,"sceneViewState":{"m_AlwaysRefresh":false,"showFog":true,"showSkybox":true,"showFlares":true,"showImageEffects":true,"showParticleSystems":true,"showVisualEffectGraphs":true,"m_FxEnabled":true},"in2DMode":false,"pivot":{"x":5.327871799468994,"y":-0.05179893970489502,"z":1.092139720916748},"rotation":{"x":0.45129814743995669,"y":0.01844264566898346,"z":-0.009419292211532593,"w":0.8921900391578674},"size":2.6660268306732179,"orthographic":false}