{"cameraMode":{"drawMode":0,"name":"Shaded","section":"Shading Mode"},"sceneLighting":false,"audioPlay":false,"sceneViewState":{"m_AlwaysRefresh":false,"showFog":true,"showSkybox":false,"showFlares":true,"showImageEffects":true,"showParticleSystems":true,"showVisualEffectGraphs":true,"m_FxEnabled":true},"in2DMode":false,"pivot":{"x":0.006689481437206268,"y":1.283669114112854,"z":0.17776596546173097},"rotation":{"x":0.00008662622713018209,"y":0.9998862743377686,"z":-0.0138091454282403,"w":0.006299983710050583},"size":1.4245918989181519,"orthographic":false}